Vincent Garonne, CERN PH-ADP-CO, <vincent.garonne@cern.ch>, 2012-2013
Mario Lassnig, CERN PH-ADP-CO, <mario.lassnig@cern.ch>, 2012-2013
Angelos Molfetas, CERN PH-ADP-CO, <angelos.molfetas@cern.ch>, 2012
Martin Barisits, CERN PH-ADP-CO, <martin.barisits@cern.ch>, 2012-2013
Thomas Beermann, CERN PH-ADP-CO, <thomas.beermann@cern.ch>, 2012-2013
Ralph Vigne, CERN PH-ADP-CO, <ralph.vigne@cern.ch>, 2012-2013
Cedric Serfon, CERN PH-ADP-CO, <cedric.serfon@cern.ch>, 2013
